{"cameraMode":{"drawMode":0,"name":"Shaded","section":"Shading Mode"},"sceneLighting":true,"audioPlay":false,"sceneViewState":{"m_AlwaysRefresh":false,"showFog":true,"showSkybox":true,"showFlares":true,"showImageEffects":true,"showParticleSystems":true,"showVisualEffectGraphs":true,"m_FxEnabled":true},"in2DMode":false,"pivot":{"x":-0.15225934982299806,"y":-5.134519577026367,"z":14.33441162109375},"rotation":{"x":-0.33192893862724306,"y":-0.07009915262460709,"z":0.024735337123274804,"w":-0.9404125809669495},"size":20.521535873413087,"orthographic":false}